{
  "general": {
    "alphabet": [
      "A", "B", "C", "D", "E", "F", "G", "H", "I", "J", "K", "L", "M", "N",
      "Ñ", "O", "P", "Q", "R", "S", "T", "U", "V", "W", "X", "Y", "Z"
    ],
    "nextButton": {
      "text": "Siguiente"
    },
    "previousButton": {
      "text": "Anterior"
    }
  },
  "presentation": {
    "presentationPicturePath": "",
    "mainTitle": "Presentación general del OVA",
    "title": [
      "En esta pantalla se presenta una descripción general de lo que es el OVA, cómo está estructurado y qué componentes teóricos se muestran en el mismo. Esta pantalla es una bienvenida y una invitación para que el usuario aborde de manera adecuada el recurso."
    ],
    "detail": [
      "Lorem ipsum dolor sit amet, consectetuer adipiscing elit, sed diam nonummy nibh euismod tincidunt ut laoreet dolore magna aliquam erat volutpat. Ut wisi enim ad minim veniam, quis nostrud exerci tation ullamcorper suscipit lobortis nisl ut aliquip ex ea commodo consequat. Duis autem vel eum iriure dolor in hendrerit in vulputate velit esse molestie consequat, vel illum dolore eu feugiat nulla facilisis at vero eros et accumsan et iusto odio dignissim qui blandit praesent luptatum zzril delenit augue duis dolore te feugait nulla facilisi.",
      "Lorem ipsum dolor sit amet, consectetuer adipiscing elit, sed diam nonummy nibh euismod tincidunt ut laoreet dolore magna aliquam erat volutpat. Ut wisi enim ad minim veniam, quis nostrud exerci tation ullamcorper suscipit lobortis nisl ut aliquip ex ea commodo consequat. Duis autem vel eum iriure dolor in hendrerit in vulputate velit esse molestie consequat, vel illum dolore eu feugiat nulla facilisis at vero eros et accumsan et iusto odio dignissim qui blandit praesent luptatum zzril delenit augue duis dolore te feugait nulla facilisi.",
      "Lorem ipsum dolor sit amet, consectetuer adipiscing elit, sed diam nonummy nibh euismod tincidunt ut laoreet dolore magna aliquam erat volutpat. Ut wisi enim ad minim veniam, quis nostrud exerci tation ullamcorper suscipit lobortis nisl ut aliquip ex ea commodo consequat. Duis autem vel eum iriure dolor in hendrerit in vulputate velit esse molestie consequat, vel illum dolore eu feugiat nulla facilisis at vero eros et accumsan et iusto odio dignissim qui blandit praesent luptatum zzril delenit augue duis dolore te feugait nulla facilisi.",
      "Lorem ipsum dolor sit amet, consectetuer adipiscing elit, sed diam nonummy nibh euismod tincidunt ut laoreet dolore magna aliquam erat volutpat. Ut wisi enim ad minim veniam, quis nostrud exerci tation ullamcorper suscipit lobortis nisl ut aliquip ex ea commodo consequat. Duis autem vel eum iriure dolor in hendrerit in vulputate velit esse molestie consequat, vel illum dolore eu feugiat nulla facilisis at vero eros et accumsan et iusto odio dignissim qui blandit praesent luptatum zzril delenit augue duis dolore te feugait nulla facilisi.",
      "Lorem ipsum dolor sit amet, consectetuer adipiscing elit, sed diam nonummy nibh euismod tincidunt ut laoreet dolore magna aliquam erat volutpat. Ut wisi enim ad minim veniam, quis nostrud exerci tation ullamcorper suscipit lobortis nisl ut aliquip ex ea commodo consequat. Duis autem vel eum iriure dolor in hendrerit in vulputate velit esse molestie consequat, vel illum dolore eu feugiat nulla facilisis at vero eros et accumsan et iusto odio dignissim qui blandit praesent luptatum zzril delenit augue duis dolore te feugait nulla facilisi.",
      "Lorem ipsum dolor sit amet, consectetuer adipiscing elit, sed diam nonummy nibh euismod tincidunt ut laoreet dolore magna aliquam erat volutpat. Ut wisi enim ad minim veniam, quis nostrud exerci tation ullamcorper suscipit lobortis nisl ut aliquip ex ea commodo consequat. Duis autem vel eum iriure dolor in hendrerit in vulputate velit esse molestie consequat, vel illum dolore eu feugiat nulla facilisis at vero eros et accumsan et iusto odio dignissim qui blandit praesent luptatum zzril delenit augue duis dolore te feugait nulla facilisi."
    ],
    "extraInfo": {
      "iconPath": "",
      "title": [
        "Reto"
      ],
      "detail": [
        "Se describe el reto que va a desarrollar durante el ejercicio del objeto de toma de decisiones."
      ]
    }
  },
  "instructionsAndObjectives": {
    "instructionsPicturePath": "",
    "extraInfo": {
      "iconPath": "",
      "title": [],
      "detail": [
        "Antes de iniciar con el simulador debes conocer los siguientes aspectos, ***haz clic en cada uno para ver el detalle.***"
      ]
    },
    "objectives": {
      "title": [
        "***Observación:*** Describir los objetivos según la estructura determinada para estos. Recuerde que un objetivo debe iniciar con un verbo en infinitivo y ser evaluable, para poder determinar si se cumple con el mismo."
      ],
      "detail": [
        "Describir lorem ipsum dolor sit amet, consectetuer adipiscing elit, sed diam nonummy nibh euismod tincidunt.",
        "Identificar lorem ipsum dolor sit amet, consectetuer adipiscing elit, sed diam nonummy nibh euismod.",
        "Interpretar lorem ipsum dolor sit amet, consectetuer adipiscing elit, sed diam nonummy nibh.",
        "Describir lorem ipsum dolor sit amet, consectetuer adipiscing elit, sed diam nonummy nibh euismod tincidunt.",
        "Identificar lorem ipsum dolor sit amet, consectetuer adipiscing elit, sed diam nonummy nibh euismod.",
        "Interpretar lorem ipsum dolor sit amet, consectetuer adipiscing elit, sed diam nonummy nibh.",
        "Describir lorem ipsum dolor sit amet, consectetuer adipiscing elit, sed diam nonummy nibh euismod tincidunt.",
        "Identificar lorem ipsum dolor sit amet, consectetuer adipiscing elit, sed diam nonummy nibh euismod.",
        "Interpretar lorem ipsum dolor sit amet, consectetuer adipiscing elit, sed diam nonummy nibh.",
        "Describir lorem ipsum dolor sit amet, consectetuer adipiscing elit, sed diam nonummy nibh euismod tincidunt.",
        "Identificar lorem ipsum dolor sit amet, consectetuer adipiscing elit, sed diam nonummy nibh euismod.",
        "Interpretar lorem ipsum dolor sit amet, consectetuer adipiscing elit, sed diam nonummy nibh.",
        "Describir lorem ipsum dolor sit amet, consectetuer adipiscing elit, sed diam nonummy nibh euismod tincidunt.",
        "Identificar lorem ipsum dolor sit amet, consectetuer adipiscing elit, sed diam nonummy nibh euismod.",
        "Interpretar lorem ipsum dolor sit amet, consectetuer adipiscing elit, sed diam nonummy nibh.",
        "Describir lorem ipsum dolor sit amet, consectetuer adipiscing elit, sed diam nonummy nibh euismod tincidunt.",
        "Identificar lorem ipsum dolor sit amet, consectetuer adipiscing elit, sed diam nonummy nibh euismod.",
        "Interpretar lorem ipsum dolor sit amet, consectetuer adipiscing elit, sed diam nonummy nibh.",
        "Describir lorem ipsum dolor sit amet, consectetuer adipiscing elit, sed diam nonummy nibh euismod tincidunt.",
        "Identificar lorem ipsum dolor sit amet, consectetuer adipiscing elit, sed diam nonummy nibh euismod.",
        "Interpretar lorem ipsum dolor sit amet, consectetuer adipiscing elit, sed diam nonummy nibh."
      ]
    },
    "thematics": {
      "title": [
        "Se describen las temáticas y teoría a abordar en el desarrollo del OVA."
      ],
      "detail": [
        {
          "thematic": "Tema 1",
          "descripcion": "lorem ipsum dolor sit amet, consectetuer adipiscing elit, sed diam nonummy nibh euismod tincidunt."
        },
        {
          "thematic": "Tema 2",
          "descripcion": "lorem ipsum dolor sit amet, consectetuer adipiscing elit, sed diam nonummy nibh euismod tincidunt."
        },
        {
          "thematic": "Tema 3",
          "descripcion": "lorem ipsum dolor sit amet, consectetuer adipiscing elit, sed diam nonummy nibh euismod tincidunt."
        },
        {
          "thematic": "Tema 1",
          "descripcion": "lorem ipsum dolor sit amet, consectetuer adipiscing elit, sed diam nonummy nibh euismod tincidunt."
        },
        {
          "thematic": "Tema 2",
          "descripcion": "lorem ipsum dolor sit amet, consectetuer adipiscing elit, sed diam nonummy nibh euismod tincidunt."
        },
        {
          "thematic": "Tema 3",
          "descripcion": "lorem ipsum dolor sit amet, consectetuer adipiscing elit, sed diam nonummy nibh euismod tincidunt."
        },
        {
          "thematic": "Tema 1",
          "descripcion": "lorem ipsum dolor sit amet, consectetuer adipiscing elit, sed diam nonummy nibh euismod tincidunt."
        },
        {
          "thematic": "Tema 2",
          "descripcion": "lorem ipsum dolor sit amet, consectetuer adipiscing elit, sed diam nonummy nibh euismod tincidunt."
        },
        {
          "thematic": "Tema 3",
          "descripcion": "lorem ipsum dolor sit amet, consectetuer adipiscing elit, sed diam nonummy nibh euismod tincidunt."
        },
        {
          "thematic": "Tema 1",
          "descripcion": "lorem ipsum dolor sit amet, consectetuer adipiscing elit, sed diam nonummy nibh euismod tincidunt."
        },
        {
          "thematic": "Tema 2",
          "descripcion": "lorem ipsum dolor sit amet, consectetuer adipiscing elit, sed diam nonummy nibh euismod tincidunt."
        },
        {
          "thematic": "Tema 3",
          "descripcion": "lorem ipsum dolor sit amet, consectetuer adipiscing elit, sed diam nonummy nibh euismod tincidunt."
        },
        {
          "thematic": "Tema 1",
          "descripcion": "lorem ipsum dolor sit amet, consectetuer adipiscing elit, sed diam nonummy nibh euismod tincidunt."
        },
        {
          "thematic": "Tema 2",
          "descripcion": "lorem ipsum dolor sit amet, consectetuer adipiscing elit, sed diam nonummy nibh euismod tincidunt."
        },
        {
          "thematic": "Tema 3",
          "descripcion": "lorem ipsum dolor sit amet, consectetuer adipiscing elit, sed diam nonummy nibh euismod tincidunt."
        }
      ]
    },
    "instructions": {
      "iconPath": "",
      "title": [
        "El siguiente texto es genérico y no debe ser modificado por el temático"
      ],
      "detail": [
        "Al ingresar al simulador podrás ver el contexto en el cual el reto se plantea.",
        "A medida que vas avanzando en la práctica de laboratorio se te presentarán situaciones que requieren tomar una decisión adecuada.",
        "También encontrarás ejercicios de aprendizaje que te permiten reforzar conceptos y te preparan para el momento en que debas tomar la decisión",
        "Cada vez que tomes una decisión correcta ganarás una estrella.",
        "Al ingresar al simulador podrás ver el contexto en el cual el reto se plantea.",
        "A medida que vas avanzando en la práctica de laboratorio se te presentarán situaciones que requieren tomar una decisión adecuada.",
        "También encontrarás ejercicios de aprendizaje que te permiten reforzar conceptos y te preparan para el momento en que debas tomar la decisión",
        "Cada vez que tomes una decisión correcta ganarás una estrella.",
        "Al ingresar al simulador podrás ver el contexto en el cual el reto se plantea.",
        "A medida que vas avanzando en la práctica de laboratorio se te presentarán situaciones que requieren tomar una decisión adecuada.",
        "También encontrarás ejercicios de aprendizaje que te permiten reforzar conceptos y te preparan para el momento en que debas tomar la decisión",
        "Cada vez que tomes una decisión correcta ganarás una estrella.",
        "Al ingresar al simulador podrás ver el contexto en el cual el reto se plantea.",
        "A medida que vas avanzando en la práctica de laboratorio se te presentarán situaciones que requieren tomar una decisión adecuada.",
        "También encontrarás ejercicios de aprendizaje que te permiten reforzar conceptos y te preparan para el momento en que debas tomar la decisión",
        "Cada vez que tomes una decisión correcta ganarás una estrella.",
        "Al ingresar al simulador podrás ver el contexto en el cual el reto se plantea.",
        "A medida que vas avanzando en la práctica de laboratorio se te presentarán situaciones que requieren tomar una decisión adecuada.",
        "También encontrarás ejercicios de aprendizaje que te permiten reforzar conceptos y te preparan para el momento en que debas tomar la decisión",
        "Cada vez que tomes una decisión correcta ganarás una estrella."
      ]
    }
  },
  "ovaContext": {
    "type": 2,
    "bigTitle": [
      "Contexto – Título"
    ],
    "title": [
      "En esta pantalla se presenta una descripción general de lo que es el OVA, cómo está estructurado y qué componentes teóricos se muestran en el mismo. Esta pantalla es una bienvenida y una invitación para que el usuario aborde de manera adecuada el recurso."
    ],
    "detail": [
      "Lorem ipsum dolor sit amet, consectetuer adipiscing elit, sed diam nonummy nibh euismod tincidunt ut laoreet dolore magna aliquam erat volutpat. Ut wisi enim ad minim veniam, quis nostrud exerci tation ullamcorper suscipit lobortis nisl ut aliquip ex ea commodo consequat. Duis autem vel eum iriure dolor in hendrerit in vulputate velit esse molestie consequat, vel illum dolore eu feugiat nulla facilisis at vero eros et accumsan et iusto odio dignissim qui blandit praesent luptatum zzril delenit augue duis dolore te feugait nulla facilisi.",
      "Consectetuer adipiscing elit, sed diam nonummy nibh euismod tincidunt ut laoreet dolore magna aliquam erat volutpat. Ut wisi enim ad minim veniam, quis nostrud exerci tation ullamcorper suscipit lobortis nisl ut aliquip ex ea commodo consequat. Duis autem vel eum iriure dolor in hendrerit in vulputate velit esse molestie consequat, vel illum dolore eu feugiat.",
      "Lorem ipsum dolor sit amet, consectetuer adipiscing elit, sed diam nonummy nibh euismod tincidunt ut laoreet dolore magna aliquam erat volutpat. Ut wisi enim ad minim veniam, quis nostrud exerci tation ullamcorper suscipit lobortis nisl ut aliquip ex ea commodo consequat. Duis autem vel eum iriure dolor in hendrerit in vulputate velit esse molestie consequat, vel illum dolore eu feugiat nulla facilisis at vero eros et accumsan et iusto odio dignissim qui blandit praesent luptatum zzril delenit augue duis dolore te feugait nulla facilisi.",
      "Consectetuer adipiscing elit, sed diam nonummy nibh euismod tincidunt ut laoreet dolore magna aliquam erat volutpat. Ut wisi enim ad minim veniam, quis nostrud exerci tation ullamcorper suscipit lobortis nisl ut aliquip ex ea commodo consequat. Duis autem vel eum iriure dolor in hendrerit in vulputate velit esse molestie consequat, vel illum dolore eu feugiat.",
      "Lorem ipsum dolor sit amet, consectetuer adipiscing elit, sed diam nonummy nibh euismod tincidunt ut laoreet dolore magna aliquam erat volutpat. Ut wisi enim ad minim veniam, quis nostrud exerci tation ullamcorper suscipit lobortis nisl ut aliquip ex ea commodo consequat. Duis autem vel eum iriure dolor in hendrerit in vulputate velit esse molestie consequat, vel illum dolore eu feugiat nulla facilisis at vero eros et accumsan et iusto odio dignissim qui blandit praesent luptatum zzril delenit augue duis dolore te feugait nulla facilisi.",
      "Consectetuer adipiscing elit, sed diam nonummy nibh euismod tincidunt ut laoreet dolore magna aliquam erat volutpat. Ut wisi enim ad minim veniam, quis nostrud exerci tation ullamcorper suscipit lobortis nisl ut aliquip ex ea commodo consequat. Duis autem vel eum iriure dolor in hendrerit in vulputate velit esse molestie consequat, vel illum dolore eu feugiat.",
      "Lorem ipsum dolor sit amet, consectetuer adipiscing elit, sed diam nonummy nibh euismod tincidunt ut laoreet dolore magna aliquam erat volutpat. Ut wisi enim ad minim veniam, quis nostrud exerci tation ullamcorper suscipit lobortis nisl ut aliquip ex ea commodo consequat. Duis autem vel eum iriure dolor in hendrerit in vulputate velit esse molestie consequat, vel illum dolore eu feugiat nulla facilisis at vero eros et accumsan et iusto odio dignissim qui blandit praesent luptatum zzril delenit augue duis dolore te feugait nulla facilisi.",
      "Consectetuer adipiscing elit, sed diam nonummy nibh euismod tincidunt ut laoreet dolore magna aliquam erat volutpat. Ut wisi enim ad minim veniam, quis nostrud exerci tation ullamcorper suscipit lobortis nisl ut aliquip ex ea commodo consequat. Duis autem vel eum iriure dolor in hendrerit in vulputate velit esse molestie consequat, vel illum dolore eu feugiat.",
      "Lorem ipsum dolor sit amet, consectetuer adipiscing elit, sed diam nonummy nibh euismod tincidunt ut laoreet dolore magna aliquam erat volutpat. Ut wisi enim ad minim veniam, quis nostrud exerci tation ullamcorper suscipit lobortis nisl ut aliquip ex ea commodo consequat. Duis autem vel eum iriure dolor in hendrerit in vulputate velit esse molestie consequat, vel illum dolore eu feugiat nulla facilisis at vero eros et accumsan et iusto odio dignissim qui blandit praesent luptatum zzril delenit augue duis dolore te feugait nulla facilisi.",
      "Consectetuer adipiscing elit, sed diam nonummy nibh euismod tincidunt ut laoreet dolore magna aliquam erat volutpat. Ut wisi enim ad minim veniam, quis nostrud exerci tation ullamcorper suscipit lobortis nisl ut aliquip ex ea commodo consequat. Duis autem vel eum iriure dolor in hendrerit in vulputate velit esse molestie consequat, vel illum dolore eu feugiat."
    ],
    "picturePath": ""
  },
  "decisionMaking": [
    {
      "type": 2,
      "picturePath": "",
      "iconPath": "",
      "title": [
        "Texto corto donde se le propone al usuario tomar una decisión de acuerdo a determinada situación."
      ],
      "detail": [
        "***Ejemplo:*** Es hora de tomar decisiones, ¿qué vas a empezar a revisar para encontrar la falla?",
        "Analiza cada una de las opciones y selecciona la que consideres conveniente haciendo clic en el círculo."
      ],
      "options": [
        {
          "title": "La programación del PLC",
          "detail": "Lorem ipsum dolor sit amet, consectetuer adipiscing elit, sed diam nonummy nibh euismod tincidunt ut laoreet dolore magna aliquam erat volutpat. Ut wisi enim ad minim veniam, quis nostrud exerci tation ullamcorper suscipit lobortis nisl ut aliquip ex ea commodo Lorem ipsum dolor sit amet, consectetuer adipiscing elit, sed diam nonummy nibh euismod tincidunt ut laoreet dolore."
        },
        {
          "title": "El cableado entre el sensor del caldero y el PLC",
          "detail": "Lorem ipsum dolor sit amet, consectetuer adipiscing elit, sed diam nonummy nibh euismod tincidunt ut laoreet dolore magna aliquam erat volutpat. Ut wisi enim ad minim veniam, quis nostrud exerci tation ullamcorper suscipit lobortis nisl ut aliquip ex ea commodo Lorem ipsum dolor sit amet, consectetuer adipiscing elit, sed diam nonummy nibh euismod tincidunt ut laoreet dolore."
        },
        {
          "title": "El sensor de temperatura del caldero",
          "detail": "Lorem ipsum dolor sit amet, consectetuer adipiscing elit, sed diam nonummy nibh euismod tincidunt ut laoreet dolore magna aliquam erat volutpat. Ut wisi enim ad minim veniam, quis nostrud exerci tation ullamcorper suscipit lobortis nisl ut aliquip ex ea commodo Lorem ipsum dolor sit amet, consectetuer adipiscing elit, sed diam nonummy nibh euismod tincidunt ut laoreet dolore."
        },
        {
          "title": "La energía y el voltaje",
          "detail": "Lorem ipsum dolor sit amet, consectetuer adipiscing elit, sed diam nonummy nibh euismod tincidunt ut laoreet dolore magna aliquam erat volutpat. Ut wisi enim ad minim veniam, quis nostrud exerci tation ullamcorper suscipit lobortis nisl ut aliquip ex ea commodo Lorem ipsum dolor sit amet, consectetuer adipiscing elit, sed diam nonummy nibh euismod tincidunt ut laoreet dolore."
        }
      ],
      "answers": [
        3
      ]
    },
    {
      "type": 2,
      "picturePath": "",
      "iconPath": "",
      "title": [
        "2 Texto corto donde se le propone al usuario tomar una decisión de acuerdo a determinada situación."
      ],
      "detail": [
        "2 ***Ejemplo:*** Es hora de tomar decisiones, ¿qué vas a empezar a revisar para encontrar la falla?",
        "2 Analiza cada una de las opciones y selecciona la que consideres conveniente haciendo clic en el círculo."
      ],
      "options": [
        {
          "title": "La programación del PLC",
          "detail": "Lorem ipsum dolor sit amet, consectetuer adipiscing elit, sed diam nonummy nibh euismod tincidunt ut laoreet dolore magna aliquam erat volutpat. Ut wisi enim ad minim veniam, quis nostrud exerci tation ullamcorper suscipit lobortis nisl ut aliquip ex ea commodo Lorem ipsum dolor sit amet, consectetuer adipiscing elit, sed diam nonummy nibh euismod tincidunt ut laoreet dolore."
        },
        {
          "title": "El cableado entre el sensor del caldero y el PLC",
          "detail": "Lorem ipsum dolor sit amet, consectetuer adipiscing elit, sed diam nonummy nibh euismod tincidunt ut laoreet dolore magna aliquam erat volutpat. Ut wisi enim ad minim veniam, quis nostrud exerci tation ullamcorper suscipit lobortis nisl ut aliquip ex ea commodo Lorem ipsum dolor sit amet, consectetuer adipiscing elit, sed diam nonummy nibh euismod tincidunt ut laoreet dolore."
        },
        {
          "title": "El sensor de temperatura del caldero",
          "detail": "Lorem ipsum dolor sit amet, consectetuer adipiscing elit, sed diam nonummy nibh euismod tincidunt ut laoreet dolore magna aliquam erat volutpat. Ut wisi enim ad minim veniam, quis nostrud exerci tation ullamcorper suscipit lobortis nisl ut aliquip ex ea commodo Lorem ipsum dolor sit amet, consectetuer adipiscing elit, sed diam nonummy nibh euismod tincidunt ut laoreet dolore."
        },
        {
          "title": "La energía y el voltaje",
          "detail": "Lorem ipsum dolor sit amet, consectetuer adipiscing elit, sed diam nonummy nibh euismod tincidunt ut laoreet dolore magna aliquam erat volutpat. Ut wisi enim ad minim veniam, quis nostrud exerci tation ullamcorper suscipit lobortis nisl ut aliquip ex ea commodo Lorem ipsum dolor sit amet, consectetuer adipiscing elit, sed diam nonummy nibh euismod tincidunt ut laoreet dolore."
        }
      ],
      "answers": [
        3
      ]
    },
    {
      "type": 2,
      "picturePath": "",
      "iconPath": "",
      "title": [
        "3 Texto corto donde se le propone al usuario tomar una decisión de acuerdo a determinada situación."
      ],
      "detail": [
        "3 ***Ejemplo:*** Es hora de tomar decisiones, ¿qué vas a empezar a revisar para encontrar la falla?",
        "3 Analiza cada una de las opciones y selecciona la que consideres conveniente haciendo clic en el círculo."
      ],
      "options": [
        {
          "title": "La programación del PLC",
          "detail": "Lorem ipsum dolor sit amet, consectetuer adipiscing elit, sed diam nonummy nibh euismod tincidunt ut laoreet dolore magna aliquam erat volutpat. Ut wisi enim ad minim veniam, quis nostrud exerci tation ullamcorper suscipit lobortis nisl ut aliquip ex ea commodo Lorem ipsum dolor sit amet, consectetuer adipiscing elit, sed diam nonummy nibh euismod tincidunt ut laoreet dolore."
        },
        {
          "title": "El cableado entre el sensor del caldero y el PLC",
          "detail": "Lorem ipsum dolor sit amet, consectetuer adipiscing elit, sed diam nonummy nibh euismod tincidunt ut laoreet dolore magna aliquam erat volutpat. Ut wisi enim ad minim veniam, quis nostrud exerci tation ullamcorper suscipit lobortis nisl ut aliquip ex ea commodo Lorem ipsum dolor sit amet, consectetuer adipiscing elit, sed diam nonummy nibh euismod tincidunt ut laoreet dolore."
        },
        {
          "title": "El sensor de temperatura del caldero",
          "detail": "Lorem ipsum dolor sit amet, consectetuer adipiscing elit, sed diam nonummy nibh euismod tincidunt ut laoreet dolore magna aliquam erat volutpat. Ut wisi enim ad minim veniam, quis nostrud exerci tation ullamcorper suscipit lobortis nisl ut aliquip ex ea commodo Lorem ipsum dolor sit amet, consectetuer adipiscing elit, sed diam nonummy nibh euismod tincidunt ut laoreet dolore."
        },
        {
          "title": "La energía y el voltaje",
          "detail": "Lorem ipsum dolor sit amet, consectetuer adipiscing elit, sed diam nonummy nibh euismod tincidunt ut laoreet dolore magna aliquam erat volutpat. Ut wisi enim ad minim veniam, quis nostrud exerci tation ullamcorper suscipit lobortis nisl ut aliquip ex ea commodo Lorem ipsum dolor sit amet, consectetuer adipiscing elit, sed diam nonummy nibh euismod tincidunt ut laoreet dolore."
        }
      ],
      "answers": [
        3
      ]
    }
  ],
  "glosary": {
    "iconPath": "",
    "title": [
      ""
    ],
    "description": [
      ""
    ],
    "words": [
      {
        "word": "a1",
        "description": "Lorem ipsum dolor sit amet, consectetuer adipiscing elit, sed diam nonummy nibh euismod tincidunt ut laoreet dolore magna aliquam"
      },
      {
        "word": "A2",
        "description": "Lorem ipsum dolor sit amet, consectetuer adipiscing elit, sed diam nonummy nibh euismod tincidunt ut laoreet dolore magna aliquam"
      },
      {
        "word": "a3",
        "description": "Lorem ipsum dolor sit amet, consectetuer adipiscing elit, sed diam nonummy nibh euismod tincidunt ut laoreet dolore magna aliquam"
      },
      {
        "word": "a4",
        "description": "Lorem ipsum dolor sit amet, consectetuer adipiscing elit, sed diam nonummy nibh euismod tincidunt ut laoreet dolore magna aliquam"
      },
      {
        "word": "a5",
        "description": "Lorem ipsum dolor sit amet, consectetuer adipiscing elit, sed diam nonummy nibh euismod tincidunt ut laoreet dolore magna aliquam"
      },
      {
        "word": "a6",
        "description": "Lorem ipsum dolor sit amet, consectetuer adipiscing elit, sed diam nonummy nibh euismod tincidunt ut laoreet dolore magna aliquam"
      },
      {
        "word": "a7",
        "description": "Lorem ipsum dolor sit amet, consectetuer adipiscing elit, sed diam nonummy nibh euismod tincidunt ut laoreet dolore magna aliquam"
      },
      {
        "word": "a8",
        "description": "Lorem ipsum dolor sit amet, consectetuer adipiscing elit, sed diam nonummy nibh euismod tincidunt ut laoreet dolore magna aliquam"
      },
      {
        "word": "a9",
        "description": "Lorem ipsum dolor sit amet, consectetuer adipiscing elit, sed diam nonummy nibh euismod tincidunt ut laoreet dolore magna aliquam"
      },
      {
        "word": "a10",
        "description": "Lorem ipsum dolor sit amet, consectetuer adipiscing elit, sed diam nonummy nibh euismod tincidunt ut laoreet dolore magna aliquam"
      },
      {
        "word": "b1",
        "description": "Lorem ipsum dolor sit amet, consectetuer adipiscing elit, sed diam nonummy nibh euismod tincidunt ut laoreet dolore magna aliquam"
      },
      {
        "word": "b2",
        "description": "lorem ipsum dolor sit amet, consectetuer adipiscing elit, sed diam nonummy nibh euismod tincidunt ut laoreet dolore magna aliquam"
      },
      {
        "word": "B3",
        "description": "lorem ipsum dolor sit amet, consectetuer adipiscing elit, sed diam nonummy nibh euismod tincidunt ut laoreet dolore magna aliquam"
      },
      {
        "word": "b4",
        "description": "Lorem ipsum dolor sit amet, consectetuer adipiscing elit, sed diam nonummy nibh euismod tincidunt ut laoreet dolore magna aliquam"
      },
      {
        "word": "d1",
        "description": "Lorem ipsum dolor sit amet, consectetuer adipiscing elit, sed diam nonummy nibh euismod tincidunt ut laoreet dolore magna aliquam"
      },
      {
        "word": "d2",
        "description": "Lorem ipsum dolor sit amet, consectetuer adipiscing elit, sed diam nonummy nibh euismod tincidunt ut laoreet dolore magna aliquam"
      },
      {
        "word": "d3",
        "description": "Lorem ipsum dolor sit amet, consectetuer adipiscing elit, sed diam nonummy nibh euismod tincidunt ut laoreet dolore magna aliquam"
      },
      {
        "word": "edificio",
        "description": "Lorem ipsum dolor sit amet, consectetuer adipiscing elit, sed diam nonummy nibh euismod tincidunt ut laoreet dolore magna aliquam"
      },
      {
        "word": "educar",
        "description": "Lorem ipsum dolor sit amet, consectetuer adipiscing elit, sed diam nonummy nibh euismod tincidunt ut laoreet dolore magna aliquam"
      }
    ]
  }
}